,Order ID,Crossed,Fee,Trade ID,Timestamp
0xae5eacaf9c6b9111fd53034a602c192a04e082ed,@107,7.9769,986.87,7872.16,BUY,02-12-2024 22:50,0,Buy,0,0xec09451986a1874e3a980418412fcd0201f500c95bac0f37caef8a734502ec49,52017706630,TRUE,0.34540448,8.95E+14,1.73E+12
0xae5eacaf9c6b9111fd53034a602c192a04e082ed,@107,7.98,16,127.68,BUY,02-12-2024 22:50,986.5245955,Buy,0,0xec09451986a1874e3a980418412fcd0201f500c95bac0f37caef8a734502ec49,52017706630,TRUE,0.0056,4.43E+14,1.73E+12
0xae5eacaf9c6b9111fd53034a602c192a04e082ed,@107,7.9855,144.09,1150.63,BUY,02-12-2024 22:50,1002.518996,Buy,0,0xec09451986a1874e3a980418412fcd0201f500c95bac0f37caef8a734502ec49,52017706630,TRUE,0.0504314,6.60E+14,1.73E+12
0xae5eacaf9c6b9111fd53034a602c192a04e082ed,@107,7.9874,142.98,1142.04,BUY,02-12-2024 22:50,1146.558564,Buy,0,0xec09451986a1874e3a980418412fcd0201f500c95bac0f37caef8a734502ec49,52017706630,TRUE,0.05004294,1.08E+15,1.73E+12
0xae5eacaf9c6b9111fd53034a602c192a04e082ed,@107,7.9894,8.73,69.75,BUY,02-12-2024 22:50,1289.488521,Buy,0,0xec09451986a1874e3a980418412fcd0201f500c95bac0f37caef8a734502ec49,52017706630,TRUE,0.00305542,1.05E+15,1.73E+12
0xae5eacaf9c6b9111fd53034a602c192a04e082ed,@107,7.99,1.41,11.27,BUY,02-12-2024 22:50,1298.215466,Buy,0,0xec09451986a1874e3a980418412fcd0201f500c95bac0f37caef8a734502ec49,52017706630,TRUE,0.00049349,7.33E+14,1.73E+12
0xae5eacaf9c6b9111fd53034a602c192a04e082ed,@107,7.9934,144.09,1151.77,BUY,02-12-2024 22:50,1299.624972,Buy,0,0xec09451986a1874e3a980418412fcd0201f500c95bac0f37caef8a734502ec49,52017706630,TRUE,0.05043148,9.06E+14,1.73E+12
0xae5eacaf9c6b9111fd53034a602c192a04e082ed,@107,8,34,272,BUY,02-12-2024 22:50,1443.664541,Buy,0,0xec09451986a1874e3a980418412fcd0201f500c95bac0f37caef8a734502ec49,52017706630,TRUE,0.0119,3.96E+14,1.73E+12
0xae5eacaf9c6b9111fd53034a602c192a04e082ed,@107,8,46,368,BUY,02-12-2024 22:50,1477.652641,Buy,0,0xec09451986a1874e3a980418412fcd0201f500c95bac0f37caef8a734502ec49,52017706630,TRUE,0.0161,9.46E+14,1.73E+12
0xae5eacaf9c6b9111fd53034a602c192a04e082ed,@107,8,12.5,100,BUY,02-12-2024 22:50,1523.636541,Buy,0,0xec09451986a1874e3a980418412fcd0201f500c95bac0f37caef8a734502ec49,52017706630,TRUE,0.004375,3.47E+13,1.73E+12
0xae5eacaf9c6b9111fd53034a602c192a04e082ed,@107,8,1463.33,11706.64,BUY,02-12-2024 22:50,1536.132166,Buy,0,0xec09451986a1874e3a980418412fcd0201f500c95bac0f37caef8a734502ec49,52017706630,TRUE,0.5121655,9.44E+13,1.73E+12
0xae5eacaf9c6b9111fd53034a602c192a04e082ed,@107,7.9457,7.27,57.77,BUY,02-12-2024 22:51,2998.95,Buy,0,0x21b8b230ad8a3e9ae1bb041841332f02028300681b0dd484959026f37947df17,52018049026,TRUE,0.00254439,9.38E+14,1.73E+12
0xae5eacaf9c6b9111fd53034a602c192a04e082ed,@107,7.9487,100,794.87,BUY,02-12-2024 22:51,3006.217456,Buy,0,0x21b8b230ad8a3e9ae1bb041841332f02028300681b0dd484959026f37947df17,52018049026,TRUE,0.03499993,1.01E+15,1.73E+12
0xae5eacaf9c6b9111fd53034a602c192a04e082ed,@107,7.9499,28.62,227.53,BUY,02-12-2024 22:51,3106.182456,Buy,0,0x21b8b230ad8a3e9ae1bb041841332f02028300681b0dd484959026f37947df17,52018049026,TRUE,0.01001698,1.23E+14,1.73E+12
0xae5eacaf9c6b9111fd53034a602c192a04e082ed,@107,7.95,1866.11,14835.57,BUY,02-12-2024 22:51,3134.792439,Buy,0,0x21b8b230ad8a3e9ae1bb041841332f02028300681b0dd484959026f37947df17,52018049026,TRUE,0.65313849,7.78E+13,1.73E+12
0xae5eacaf9c6b9111fd53034a602c192a04e082ed,@107,7.9271,100,792.71,BUY,02-12-2024 22:54,5000.249301,Buy,0,0xef8b5ed662586d4455030418413ecd01f3009832c599baba9307c5e77a0a81f3,52019096364,TRUE,0.03499993,3.50E+13,1.73E+12
0xae5eacaf9c6b9111fd53034a602c192a04e082ed,@107,7.9271,98,776.86,BUY,02-12-2024 22:54,5100.214301,Buy,0,0xef8b5ed662586d4455030418413ecd01f3009832c599baba9307c5e77a0a81f3,52019096364,TRUE,0.03429993,1.04E+15,1.73E+12
0xae5eacaf9c6b9111fd53034a602c192a04e082ed,@107,7.9272,21.01,166.55,BUY,02-12-2024 22:54,5198.180001,Buy,0,0xef8b5ed662586d4455030418413ecd01f3009832c599baba9307c5e77a0a81f3,52019096364,TRUE,0.00735341,9.22E+14,1.73E+12
0xae5eacaf9c6b9111fd53034a602c192a04e082ed,@107,7.9275,20.27,160.69,BUY,02-12-2024 22:54,5219.182647,Buy,0,0xef8b5ed662586d4455030418413ecd01f3009832c599baba9307c5e77a0a81f3,52019096364,TRUE,0.00709441,9.01E+14,1.73E+12
0xae5eacaf9c6b9111fd53034a602c192a04e082ed,@107,7.9285,151.92,1204.5,BUY,02-12-2024 22:54,5239.445553,Buy,0,0xef8b5ed662586d4455030418413ecd01f3009832c599baba9307c5e77a0a81f3,52019096364,TRUE,0.05317197,1.08E+15,1.73E+12
0xae5eacaf9c6b9111fd53034a602c192a04e082ed,@107,7.9292,25,198.23,BUY,02-12-2024 22:54,5391.312381,Buy,0,0xef8b5ed662586d4455030418413ecd01f3009832c599baba9307c5e77a0a81f3,52019096364,TRUE,0.00874993,2.58E+14,1.73E+12
0xae5eacaf9c6b9111fd53034a602c192a04e082ed,@107,7.9295,9,71.37,BUY,02-12-2024 22:54,5416.303631,Buy,0,0xef8b5ed662586d4455030418413ecd01f3009832c599baba9307c5e77a0a81f3,52019096364,TRUE,0.00314988,4.13E+14,1.73E+12
0xae5eacaf9c6b9111fd53034a602c192a04e082ed,@107,7.9298,144.09,1142.6,BUY,02-12-2024 22:54,5425.300481,Buy,0,0xef8b5ed662586d4455030418413ecd01f3009832c599baba9307c5e77a0a81f3,52019096364,TRUE,0.05043141,6.85E+14,1.73E+12
0xae5eacaf9c6b9111fd53034a602c192a04e082ed,@107,7.9311,16.05,127.29,BUY,02-12-2024 22:54,5569.34005,Buy,0,0xef8b5ed662586d4455030418413ecd01f3009832c599baba9307c5e77a0a81f3,52019096364,TRUE,0.00561737,6.51E+14,1.73E+12
0xae5eacaf9c6b9111fd53034a602c192a04e082ed,@107,7.9315,200,1586.3,BUY,02-12-2024 22:54,5585.384432,Buy,0,0xef8b5ed662586d4455030418413ecd01f3009832c599baba9307c5e77a0a81f3,52019096364,TRUE,0.07,3.71E+14,1.73E+12
0xae5eacaf9c6b9111fd53034a602c192a04e082ed,@107,7.9323,294.37,2335.03,BUY,02-12-2024 22:54,5785.314432,Buy,0,0xef8b5ed662586d4455030418413ecd01f3009832c599baba9307c5e77a0a81f3,52019096364,TRUE,0.10302938,2.17E+14,1.73E+12
0xae5eacaf9c6b9111fd53034a602c192a04e082ed,@107,7.9324,259.34,2057.19,BUY,02-12-2024 22:54,6079.581403,Buy,0,0xef8b5ed662586d4455030418413ecd01f3009832c599baba9307c5e77a0a81f3,52019096364,TRUE,0.09076899,1.09E+12,1.73E+12
0xae5eacaf9c6b9111fd53034a602c192a04e082ed,@107,7.9355,311.25,2469.92,BUY,02-12-2024 22:54,6338.830634,Buy,0,0xef8b5ed662586d4455030418413ecd01f3009832c599baba9307c5e77a0a81f3,52019096364,TRUE,0.10893743,4.51E+14,1.73E+12
0xae5eacaf9c6b9111fd53034a602c192a04e082ed,@107,7.9369,94.79,752.34,BUY,02-12-2024 22:54,6649.971696,Buy,0,0xef8b5ed662586d4455030418413ecd01f3009832c599baba9307c5e77a0a81f3,52019096364,TRUE,0.03317642,1.74E+14,1.73E+12
0xae5eacaf9c6b9111fd53034a602c192a04e082ed,@107,7.9377,144.09,1143.74,BUY,02-12-2024 22:54,6744.72852,Buy,0,0xef8b5ed662586d4455030418413ecd01f3009832c599baba9307c5e77a0a81f3,52019096364,TRUE,0.05043148,1.59E+14,1.73E+12
0xae5eacaf9c6b9111fd53034a602c192a04e082ed,@107,7.9457,110.82,880.54,BUY,02-12-2024 22:54,6888.768089,Buy,0,0xef8b5ed662586d4455030418413ecd01f3009832c599baba9307c5e77a0a81f3,52019096364,TRUE,0.03878689,7.20E+14,1.73E+12
0xae5eacaf9c6b9111fd53034a602c192a04e082ed,@107,7.4791,2,14.96,BUY,02-12-2024 23:13,6999.549302,Buy,0,0x40a5eae7d00acbbfc3c7041841836c02010a00f9d7d3efb504650447a28be717,52025109688,TRUE,0.00069995,1.04E+15,1.73E+12
0xae5eacaf9c6b9111fd53034a602c192a04e082ed,@107,7.4832,144.09,1078.25,BUY,02-12-2024 23:13,7001.548602,Buy,0,0x40a5eae7d00acbbfc3c7041841836c02010a00f9d7d3efb504650447a28be717,52025109688,TRUE,0.05043149,3.85E+14,1.73E+12
0xae5eacaf9c6b9111fd53034a602c192a04e082ed,@107,7.4898,340.3,2548.78,BUY,02-12-2024 23:13,7145.58817,Buy,0,0x40a5eae7d00acbbfc3c7041841836c02010a00f9d7d3efb504650447a28be717,52025109688,TRUE,0.11910491,2.27E+14,1.73E+12
0xae5eacaf9c6b9111fd53034a602c192a04e082ed,@107,7.49,1513.61,11336.94,BUY,02-12-2024 23:13,7485.769065,Buy,0,0x40a5eae7d00acbbfc3c7041841836c02010a00f9d7d3efb504650447a28be717,52025109688,TRUE,0.52976341,2.45E+14,1.73E+12
0xae5eacaf9c6b9111fd53034a602c192a04e082ed,@107,7.5204,100,752.04,BUY,02-12-2024 23:21,8998.849302,Buy,0,0xd273459b8ff175c0c53d041841a2b00201f80053c9adb62a930c0ff2b3d863c0,52027812614,TRUE,0.035,3.02E+14,1.73E+12
0xae5eacaf9c6b9111fd53034a602c192a04e082ed,@107,7.5205,80.84,607.96,BUY,02-12-2024 23:21,9098.814302,Buy,0,0xd273459b8ff175c0c53d041841a2b00201f80053c9adb62a930c0ff2b3d863c0,52027812614,TRUE,0.02829399,2.48E+14,1.73E+12
0xae5eacaf9c6b9111fd53034a602c192a04e082ed,@107,7.5207,144.09,1083.66,BUY,02-12-2024 23:21,9179.626008,Buy,0,0xd273459b8ff175c0c53d041841a2b00201f80053c9adb62a930c0ff2b3d863c0,52027812614,TRUE,0.05043147,5.24E+14,1.73E+12
0xae5eacaf9c6b9111fd53034a602c192a04e082ed,@107,7.5282,144.09,1084.74,BUY,02-12-2024 23:21,9323.665576,Buy,0,0xd273459b8ff175c0c53d041841a2b00201f80053c9adb62a930c0ff2b3d863c0,52027812614,TRUE,0.05043144,2.34E+14,1.73E+12
0xae5eacaf9c6b9111fd53034a602c192a04e082ed,@107,7.5354,98,738.47,BUY,02-12-2024 23:21,9467.705145,Buy,0,0xd273459b8ff175c0c53d041841a2b00201f80053c9adb62a930c0ff2b3d863c0,52027812614,TRUE,0.03429997,4.08E+14,1.73E+12
0xae5eacaf9c6b9111fd53034a602c192a04e082ed,@107,7.5356,43.09,324.71,BUY,02-12-2024 23:21,9565.670845,Buy,0,0xd273459b8ff175c0c53d041841a2b00201f80053c9adb62a930c0ff2b3d863c0,52027812614,TRUE,0.01508147,9.69E+14,1.73E+12
0xae5eacaf9c6b9111fd53034a602c192a04e082ed,@107,7.5357,144.09,1085.82,BUY,02-12-2024 23:21,9608.745764,Buy,0,0xd273459b8ff175c0c53d041841a2b00201f80053c9adb62a930c0ff2b3d863c0,52027812614,TRUE,0.05043141,8.80E+13,1.73E+12
0xae5eacaf9c6b9111fd53034a602c192a04e082ed,@107,7.5359,133.07,1002.8,BUY,02-12-2024 23:21,9752.785332,Buy,0,0xd273459b8ff175c0c53d041841a2b00201f80053c9adb62a930c0ff2b3d863c0,52027812614,TRUE,0.04657439,1.02E+15,1.73E+12
0xae5eacaf9c6b9111fd53034a602c192a04e082ed,@107,7.5362,114.73,864.63,BUY,02-12-2024 23:21,9885.808758,Buy,0,0xd273459b8ff175c0c53d041841a2b00201f80053c9adb62a930c0ff2b3d863c0,52027812614,TRUE,0.04015538,9.20E+14,1.73E+12
0xae5eacaf9c6b9111fd53034a602c192a04e082ed,@107,9.057,2446.39,22156.95,SELL,03-12-2024 14:39,10000.4986,Sell,3008.231185,0x7b57a76296641058064004184ed84d01d0005daded345e8e64aab2df686f3b1d,52200758791,TRUE,7.754933,5.19E+14,1.73E+12
0xae5eacaf9c6b9111fd53034a602c192a04e082ed,@107,9.057,25,226.43,SELL,03-12-2024 14:39,7554.108602,Sell,30.741534,0x7b57a76296641058064004184ed84d01d0005daded345e8e64aab2df686f3b1d,52200758791,TRUE,0.079248,3.35E+14,1.73E+12
0xae5eacaf9c6b9111fd53034a602c192a04e082ed,@107,9.048,33.4,302.2,SELL,03-12-2024 14:39,7529.108602,Sell,40.770089,0x7b57a76296641058064004184ed84d01d0005daded345e8e64aab2df686f3b1d,52200758791,TRUE,0.105771,5.14E+14,1.73E+12
0xae5eacaf9c6b9111fd53034a602c192a04e082ed,@107,9.0464,200,1809.28,SELL,03-12-2024 14:39,7495.708602,Sell,243.812267,0x7b57a76296641058064004184ed84d01d0005daded345e8e64aab2df686f3b1d,52200758791,TRUE,0.633248,9.54E+14,1.73E+12
0xae5eacaf9c6b9111fd53034a602c192a04e082ed,@107,9.0424,209.26,1892.21,SELL,03-12-2024 14:39,7295.708602,Sell,254.263735,0x7b57a76296641058064004184ed84d01d0005daded345e8e64aab2df686f3b1d,52200758791,TRUE,0.662274,7.47E+14,1.73E+12
0xae5eacaf9c6b9111fd53034a602c192a04e082ed,@107,9.0424,20,180.85,SELL,03-12-2024 14:39,7086.448602,Sell,24.301227,0x7b57a76296641058064004184ed84d01d0005daded345e8e64aab2df686f3b1d,52200758791,TRUE,0.063296,8.43E+14,1.73E+12
0xae5eacaf9c6b9111fd53034a602c192a04e082ed,@107,9.0417,110.8,1001.82,SELL,03-12-2024 14:39,7066.448602,Sell,134.551236,0x7b57a76296641058064004184ed84d01d0005daded345e8e64aab2df686f3b1d,52200758791,TRUE,0.350637,9.80E+14,1.73E+12
0xae5eacaf9c6b9111fd53034a602c192a04e082ed,@107,9.04,34,307.36,SELL,03-12-2024 14:39,6955.648602,Sell,41.230486,0x7b57a76296641058064004184ed84d01d0005daded345e8e64aab2df686f3b1d,52200758791,TRUE,0.107576,7.59E+14,1.73E+12
0xae5eacaf9c6b9111fd53034a602c192a04e082ed,@107,9.04,500,4520,SELL,03-12-2024 14:39,6921.648602,Sell,606.330666,0x7b57a76296641058064004184ed84d01d0005daded345e8e64aab2df686f3b1d,52200758791,TRUE,1.582,9.22E+14,1.73E+12
0xae5eacaf9c6b9111fd53034a602c192a04e082ed,@107,9.04,500,4520,SELL,03-12-2024 14:39,6421.648602,Sell,606.330666,0x7b57a76296641058064004184ed84d01d0005daded345e8e64aab2df686f3b1d,52200758791,TRUE,1.582,3.00E+14,1.73E+12
0xae5eacaf9c6b9111fd53034a602c192a04e082ed,@107,9.0397,127.33,1151.03,SELL,03-12-2024 14:39,5921.648602,Sell,154.369969,0x7b57a76296641058064004184ed84d01d0005daded345e8e64aab2df686f3b1d,52200758791,TRUE,0.402858,6.88E+14,1.73E+12
0xae5eacaf9c6b9111fd53034a602c192a04e082ed,@107,9.039,143.53,1297.37,SELL,03-12-2024 14:39,5794.318602,Sell,173.909751,0x7b57a76296641058064004184ed84d01d0005daded345e8e64aab2df686f3b1d,52200758791,TRUE,0.454078,7.19E+14,1.73E+12
0xae5eacaf9c6b9111fd53034a602c192a04e082ed,@107,9.0354,11.17,100.93,SELL,03-12-2024 14:39,5650.788602,Sell,13.494046,0x7b57a76296641058064004184ed84d01d0005daded345e8e64aab2df686f3b1d,52200758791,TRUE,0.035323,1.08E+15,1.73E+12
0xae5eacaf9c6b9111fd53034a602c192a04e082ed,@107,9.0346,127.33,1150.38,SELL,03-12-2024 14:39,5639.618602,Sell,153.720586,0x7b57a76296641058064004184ed84d01d0005daded345e8e64aab2df686f3b1d,52200758791,TRUE,0.402631,1.00E+15,1.73E+12
0xae5eacaf9c6b9111fd53034a602c192a04e082ed,@107,9.0333,73.07,660.06,SELL,03-12-2024 14:39,5512.288602,Sell,88.119595,0x7b57a76296641058064004184ed84d01d0005daded345e8e64aab2df686f3b1d,52200758791,TRUE,0.231022,8.48E+14,1.73E+12
0xae5eacaf9c6b9111fd53034a602c192a04e082ed,@107,9.0327,28.27,255.35,SELL,03-12-2024 14:39,5439.218602,Sell,34.075565,0x7b57a76296641058064004184ed84d01d0005daded345e8e64aab2df686f3b1d,52200758791,TRUE,0.089374,8.61E+14,1.73E+12
0xae5eacaf9c6b9111fd53034a602c192a04e082ed,@107,9.0303,212.61,1919.93,SELL,03-12-2024 14:39,5410.948602,Sell,255.761609,0x7b57a76296641058064004184ed84d01d0005daded345e8e64aab2df686f3b1d,52200758791,TRUE,0.671976,9.14E+13,1.73E+12
0xae5eacaf9c6b9111fd53034a602c192a04e082ed,@107,9.0303,38.8,350.38,SELL,03-12-2024 14:39,5198.338602,Sell,46.6749,0x7b57a76296641058064004184ed84d01d0005daded345e8e64aab2df686f3b1d,52200758791,TRUE,0.122631,1.00E+15,1.73E+12
0xae5eacaf9c6b9111fd53034a602c192a04e082ed,@107,9.03,144.09,1301.13,SELL,03-12-2024 14:39,5159.538602,Sell,173.291472,0x7b57a76296641058064004184ed84d01d0005daded345e8e64aab2df686f3b1d,52200758791,TRUE,0.455396,5.44E+14,1.73E+12
0xae5eacaf9c6b9111fd53034a602c192a04e082ed,@107,9.03,14.95,135,SELL,03-12-2024 14:39,5015.448602,Sell,17.979787,0x7b57a76296641058064004184ed84d01d0005daded345e8e64aab2df686f3b1d,52200758791,TRUE,0.047249,7.76E+14,1.73E+12
0xae5eacaf9c6b9111fd53034a602c192a04e082ed,AAVE,235.03,7.47,1755.67,BUY,03-12-2024 14:42,0,Open Long,0,0xc35da30116f8a8e1833a04184ee1920201d600c7304c977e72b04c86097a6156,52201279961,TRUE,0.614485,7.75E+14,1.73E+12
0xae5eacaf9c6b9111fd53034a602c192a04e082ed,AAVE,235.04,9.02,2120.06,BUY,03-12-2024 14:42,7.47,Open Long,0,0xc35da30116f8a8e1833a04184ee1920201d600c7304c977e72b04c86097a6156,52201279961,TRUE,0.742021,5.42E+14,1.73E+12
0xae5eacaf9c6b9111fd53034a602c192a04e082ed,AAVE,235.04,7.72,1814.51,BUY,03-12-2024 14:42,16.49,Open Long,0,0xc35da30116f8a8e1833a04184ee1920201d600c7304c977e72b04c86097a6156,52201279961,TRUE,0.635078,6.30E+14,1.73E+12
0xae5eacaf9c6b9111fd53034a602c192a04e082ed,AAVE,235.09,3.66,860.43,BUY,03-12-2024 14:42,24.21,Open Long,0,0xc35da30116f8a8e1833a04184ee1920201d600c7304c977e72b04c86097a6156,52201279961,TRUE,0.30115,8.49E+14,1.73E+12
0xae5eacaf9c6b9111fd53034a602c192a04e082ed,AAVE,235.09,15.45,3632.14,BUY,03-12-2024 14:42,27.87,Open Long,0,0xc35da30116f8a8e1833a04184ee1920201d600c7304c977e72b04c86097a6156,52201279961,TRUE,1.271249,7.96E+14,1.73E+12
0xae5eacaf9c6b9111fd53034a602c192a04e082ed,AAVE,235.13,156.68,36840.17,BUY,03-12-2024 14:42,43.32,Open Long,0,0xc35da30116f8a8e1833a04184ee1920201d600c7304c977e72b04c86097a6156,52201279961,TRUE,12.894058,6.74E+14,1.73E+12
0xae5eacaf9c6b9111fd53034a602c192a04e082ed,AAVE,235.25,7.89,1856.12,BUY,03-12-2024 14:44,200,Open Long,0,0x65745825ce5b5f6d49fe04184eeaa2020157009314024d2209f314d559eba712,52201753723,TRUE,0.649642,7.92E+14,1.73E+12
0xae5eacaf9c6b9111fd53034a602c192a04e082ed,AAVE,235.28,9.07,2133.99,BUY,03-12-2024 14:44,207.89,Open Long,0,0x65745825ce5b5f6d49fe04184eeaa2020157009314024d2209f314d559eba712,52201753723,TRUE,0.746896,9.87E+14,1.73E+12
0xae5eacaf9c6b9111fd53034a602c192a04e082ed,AAVE,235.28,7.66,1802.24,BUY,03-12-2024 14:44,216.96,Open Long,0,0x65745825ce5b5f6d49fe04184eeaa2020157009314024d2209f314d559eba712,52201753723,TRUE,0.630785,8.72E+14,1.73E+12
0xae5eacaf9c6b9111fd53034a602c192a04e082ed,AAVE,235.45,13.17,3100.88,BUY,03-12-2024 14:44,224.62,Open Long,0,0x65745825ce5b5f6d49fe04184eeaa2020157009314024d2209f314d559eba712,52201753723,TRUE,1.085306,1.21E+14,1.73E+12
0xae5eacaf9c6b9111fd53034a602c192a04e082ed,AAVE,235.48,13.17,3101.27,BUY,03-12-2024 14:44,237.79,Open Long,0,0x65745825ce5b5f6d49fe04184eeaa2020157009314024d2209f314d559eba712,52201753723,TRUE,1.085445,4.19E+14,1.73E+12
0xae5eacaf9c6b9111fd53034a602c192a04e082ed,AAVE,235.48,3.19,751.18,BUY,03-12-2024 14:44,250.96,Open Long,0,0x65745825ce5b5f6d49fe04184eeaa2020157009314024d2209f314d559eba712,52201753723,TRUE,0.262913,5.63E+14,1.73E+12
0xae5eacaf9c6b9111fd53034a602c192a04e082ed,AAVE,235.5,9.83,2314.97,BUY,03-12-2024 14:44,254.15,Open Long,0,0x65745825ce5b5f6d49fe04184eeaa2020157009314024d2209f314d559eba712,52201753723,TRUE,0.810237,9.38E+14,1.73E+12
0xae5eacaf9c6b9111fd53034a602c192a04e082ed,AAVE,235.51,13.16,3099.31,BUY,03-12-2024 14:44,263.98,Open Long,0,0x65745825ce5b5f6d49fe04184eeaa2020157009314024d2209f314d559eba712,52201753723,TRUE,1.084759,3.49E+14,1.73E+12
0xae5eacaf9c6b9111fd53034a602c192a04e082ed,AAVE,235.53,2.42,569.98,BUY,03-12-2024 14:44,277.14,Open Long,0,0x65745825ce5b5f6d49fe04184eeaa2020157009314024d2209f314d559eba712,52201753723,TRUE,0.199493,2.32E+14,1.73E+12
0xae5eacaf9c6b9111fd53034a602c192a04e082ed,AAVE,235.54,44.5,10481.53,BUY,03-12-2024 14:44,279.56,Open Long,0,0x65745825ce5b5f6d49fe04184eeaa2020157009314024d2209f314d559eba712,52201753723,TRUE,3.668535,7.57E+13,1.73E+12
0xae5eacaf9c6b9111fd53034a602c192a04e082ed,AAVE,235.55,13.16,3099.84,BUY,03-12-2024 14:44,324.06,Open Long,0,0x65745825ce5b5f6d49fe04184eeaa2020157009314024d2209f314d559eba712,52201753723,TRUE,1.084943,1.57E+14,1.73E+12
0xae5eacaf9c6b9111fd53034a602c192a04e082ed,AAVE,235.57,13.16,3100.1,BUY,03-12-2024 14:44,337.22,Open Long,0,0x65745825ce5b5f6d49fe04184eeaa2020157009314024d2209f314d559eba712,52201753723,TRUE,1.085035,9.83E+14,1.73E+12
0xae5eacaf9c6b9111fd53034a602c192a04e082ed,AAVE,235.59,16.61,3913.15,BUY,03-12-2024 14:44,350.38,Open Long,0,0x65745825ce5b5f6d49fe04184eeaa2020157009314024d2209f314d559eba712,52201753723,TRUE,1.369602,7.33E+14,1.73E+12
0xae5eacaf9c6b9111fd53034a602c192a04e082ed,AAVE,235.59,17.31,4078.06,BUY,03-12-2024 14:44,366.99,Open Long,0,0x65745825ce5b5f6d49fe04184eeaa2020157009314024d2209f314d559eba712,52201753723,TRUE,1.427322,9.57E+14,1.73E+12
0xae5eacaf9c6b9111fd53034a602c192a04e082ed,AAVE,235.65,115.7,27264.71,BUY,03-12-2024 14:44,384.3,Open Long,0,0x65745825ce5b5f6d49fe04184eeaa2020157009314024d2209f314d559eba712,52201753723,TRUE,9.542646,1.55E+14,1.73E+12
0xae5eacaf9c6b9111fd53034a602c192a04e082ed,@107,9.0756,100,907.56,SELL,03-12-2024 15:22,5000.498602,Sell,124.826134,0x125ea070e5b6af24d28e04184f784a02018f001d1acb12d38da77f72a68ac0db,52209955900,TRUE,0.317646,1.88E+14,1.73E+12
0xae5eacaf9c6b9111fd53034a602c192a04e082ed,@107,9.0755,213.54,1937.98,SELL,03-12-2024 15:22,4900.498602,Sell,266.532371,0x125ea070e5b6af24d28e04184f784a02018f001d1acb12d38da77f72a68ac0db,52209955900,TRUE,0.678293,8.66E+14,1.73E+12
0xae5eacaf9c6b9111fd53034a602c192a04e082ed,@107,9.0755,100,907.55,SELL,03-12-2024 15:22,4686.958602,Sell,124.816134,0x125ea070e5b6af24d28e04184f784a02018f001d1acb12d38da77f72a68ac0db,52209955900,TRUE,0.317642,4.79E+14,1.73E+12
0xae5eacaf9c6b9111fd53034a602c192a04e082ed,@107,9.0755,26.45,240.05,SELL,03-12-2024 15:22,4586.958602,Sell,33.013868,0x125ea070e5b6af24d28e04184f784a02018f001d1acb12d38da77f72a68ac0db,52209955900,TRUE,0.084016,5.29E+14,1.73E+12
0xae5eacaf9c6b9111fd53034a602c192a04e082ed,@107,9.0752,144.09,1307.65,SELL,03-12-2024 15:22,4560.508602,Sell,179.80434,0x125ea070e5b6af24d28e04184f784a02018f001d1acb12d38da77f72a68ac0db,52209955900,TRUE,0.457675,4.35E+14,1.73E+12
0xae5eacaf9c6b9111fd53034a602c192a04e082ed,@107,9.0752,30,272.26,SELL,03-12-2024 15:22,4416.418602,Sell,37.43584,0x125ea070e5b6af24d28e04184f784a02018f001d1acb12d38da77f72a68ac0db,52209955900,TRUE,0.095289,4.15E+13,1.73E+12
0xae5eacaf9c6b9111fd53034a602c192a04e082ed,@107,9.0674,10.84,98.29,SELL,03-12-2024 15:22,4386.418602,Sell,13.442265,0x125ea070e5b6af24d28e04184f784a02018f001d1acb12d38da77f72a68ac0db,52209955900,TRUE,0.034401,1.65E+13,1.73E+12
0xae5eacaf9c6b9111fd53034a602c192a04e082ed,@107,9.0663,3,27.2,SELL,03-12-2024 15:22,4375.578602,Sell,3.716884,0x125ea070e5b6af24d28e04184f784a02018f001d1acb12d38da77f72a68ac0db,52209955900,TRUE,0.009519,1.07E+15,1.73E+12
0xae5eacaf9c6b9111fd53034a602c192a04e082ed,@107,9.0661,144.09,1306.33,SELL,03-12-2024 15:22,4372.578602,Sell,178.493121,0x125ea070e5b6af24d28e04184f784a02018f001d1acb12d38da77f72a68ac0db,52209955900,TRUE,0.457217,1.36E+14,1.73E+12
0xae5eacaf9c6b9111fd53034a602c192a04e082ed,@107,9.0658,38.6,349.94,SELL,03-12-2024 15:22,4228.488602,Sell,47.804608,0x125ea070e5b6af24d28e04184f784a02018f001d1acb12d38da77f72a68ac0db,52209955900,TRUE,0.122478,7.30E+14,1.73E+12
0xae5eacaf9c6b9111fd53034a602c192a04e082ed,@107,9.0642,82.02,743.45,SELL,03-12-2024 15:22,4189.888602,Sell,101.447367,0x125ea070e5b6af24d28e04184f784a02018f001d1acb12d38da77f72a68ac0db,52209955900,TRUE,0.260205,3.91E+14,1.73E+12
0xae5eacaf9c6b9111fd53034a602c192a04e082ed,@107,9.0642,97.7,885.57,SELL,03-12-2024 15:22,4107.868602,Sell,120.841353,0x125ea070e5b6af24d28e04184f784a02018f001d1acb12d38da77f72a68ac0db,52209955900,TRUE,0.30995,5.68E+14,1.73E+12
0xae5eacaf9c6b9111fd53034a602c192a04e082ed,@107,9.0613,98,888.01,SELL,03-12-2024 15:22,4010.168602,Sell,120.928211,0x125ea070e5b6af24d28e04184f784a02018f001d1acb12d38da77f72a68ac0db,52209955900,TRUE,0.310802,1.86E+13,1.73E+12
0xae5eacaf9c6b9111fd53034a602c192a04e082ed,@107,9.0611,82.02,743.19,SELL,03-12-2024 15:22,3912.168602,Sell,101.193105,0x125ea070e5b6af24d28e04184f784a02018f001d1acb12d38da77f72a68ac0db,52209955900,TRUE,0.260116,8.57E+14,1.73E+12
0xae5eacaf9c6b9111fd53034a602c192a04e082ed,@107,9.0579,82.02,742.93,SELL,03-12-2024 15:22,3830.148602,Sell,100.930641,0x125ea070e5b6af24d28e04184f784a02018f001d1acb12d38da77f72a68ac0db,52209955900,TRUE,0.260025,1.34E+14,1.73E+12
0xae5eacaf9c6b9111fd53034a602c192a04e082ed,@107,9.0571,144.09,1305.04,SELL,03-12-2024 15:22,3748.128602,Sell,177.196311,0x125ea070e5b6af24d28e04184f784a02018f001d1acb12d38da77f72a68ac0db,52209955900,TRUE,0.456763,5.49E+14,1.73E+12
0xae5eacaf9c6b9111fd53034a602c192a04e082ed,@107,9.0547,82.02,742.67,SELL,03-12-2024 15:22,3604.038602,Sell,100.668177,0x125ea070e5b6af24d28e04184f784a02018f001d1acb12d38da77f72a68ac0db,52209955900,TRUE,0.259933,8.73E+14,1.73E+12
0xae5eacaf9c6b9111fd53034a602c192a04e082ed,@107,9.0546,30,271.64,SELL,03-12-2024 15:22,3522.018602,Sell,36.81784,0x125ea070e5b6af24d28e04184f784a02018f001d1acb12d38da77f72a68ac0db,52209955900,TRUE,0.095073,2.92E+14,1.73E+12
0xae5eacaf9c6b9111fd53034a602c192a04e082ed,@107,9.0516,82.02,742.41,SELL,03-12-2024 15:22,3492.018602,Sell,100.413915,0x125ea070e5b6af24d28e04184f784a02018f001d1acb12d38da77f72a68ac0db,52209955900,TRUE,0.259844,6.82E+14,1.73E+12
0xae5eacaf9c6b9111fd53034a602c192a04e082ed,@107,9.0515,100,905.15,SELL,03-12-2024 15:22,3409.998602,Sell,122.416134,0x125ea070e5b6af24d28e04184f784a02018f001d1acb12d38da77f72a68ac0db,52209955900,TRUE,0.316802,2.07E+14,1.73E+12
0xae5eacaf9c6b9111fd53034a602c192a04e082ed,@107,9.0515,50,452.58,SELL,03-12-2024 15:22,3309.998602,Sell,61.208067,0x125ea070e5b6af24d28e04184f784a02018f001d1acb12d38da77f72a68ac0db,52209955900,TRUE,0.158401,6.51E+14,1.73E+12
0xae5eacaf9c6b9111fd53034a602c192a04e082ed,@107,9.05,3.91,35.39,SELL,03-12-2024 15:22,3259.998602,Sell,4.780606,0x125ea070e5b6af24d28e04184f784a02018f001d1acb12d38da77f72a68ac0db,52209955900,TRUE,0.012384,6.40E+14,1.73E+12
0xae5eacaf9c6b9111fd53034a602c192a04e082ed,@107,9.05,10,90.5,SELL,03-12-2024 15:22,3256.088602,Sell,12.226614,0x125ea070e5b6af24d28e04184f784a02018f001d1acb12d38da77f72a68ac0db,52209955900,TRUE,0.031675,3.15E+14,1.73E+12
0xae5eacaf9c6b9111fd53034a602c192a04e082ed,@107,9.05,574.53,5199.5,SELL,03-12-2024 15:22,3246.088602,Sell,702.455615,0x125ea070e5b6af24d28e04184f784a02018f001d1acb12d38da77f72a68ac0db,52209955900,TRUE,1.819823,3.08E+14,1.73E+12
0xae5eacaf9c6b9111fd53034a602c192a04e082ed,@107,9.0485,90.1,815.27,SELL,03-12-2024 15:22,2671.558602,Sell,110.026636,0x125ea070e5b6af24d28e04184f784a02018f001d1acb12d38da77f72a68ac0db,52209955900,TRUE,0.285344,8.61E+14,1.73E+12
0xae5eacaf9c6b9111fd53034a602c192a04e082ed,@107,9.0484,82.02,742.15,SELL,03-12-2024 15:22,2581.458602,Sell,100.151451,0x125ea070e5b6af24d28e04184f784a02018f001d1acb12d38da77f72a68ac0db,52209955900,TRUE,0.259752,4.49E+14,1.73E+12
0xae5eacaf9c6b9111fd53034a602c192a04e082ed,@107,9.048,144.09,1303.73,SELL,03-12-2024 15:22,2499.438602,Sell,175.885092,0x125ea070e5b6af24d28e04184f784a02018f001d1acb12d38da77f72a68ac0db,52209955900,TRUE,0.456304,3.44E+14,1.73E+12
0xae5eacaf9c6b9111fd53034a602c192a04e082ed,@107,9.0464,200,1809.28,SELL,03-12-2024 15:22,2355.348602,Sell,243.812267,0x125ea070e5b6af24d28e04184f784a02018f001d1acb12d38da77f72a68ac0db,52209955900,TRUE,0.633248,1.37E+14,1.73E+12
0xae5eacaf9c6b9111fd53034a602c192a04e082ed,@107,9.0453,82.02,741.9,SELL,03-12-2024 15:22,2155.348602,Sell,99.897189,0x125ea070e5b6af24d28e04184f784a02018f001d1acb12d38da77f72a68ac0db,52209955900,TRUE,0.259663,2.79E+14,1.73E+12
0xae5eacaf9c6b9111fd53034a602c192a04e082ed,@107,9.0448,7.09,64.13,SELL,03-12-2024 15:22,2073.328602,Sell,8.631801,0x125ea070e5b6af24d28e04184f784a02018f001d1acb12d38da77f72a68ac0db,52209955900,TRUE,0.022444,2.00E+14,1.73E+12
0xae5eacaf9c6b9111fd53034a602c192a04e082ed,@107,9.0431,50,452.16,SELL,03-12-2024 15:22,2066.238602,Sell,60.788067,0x125ea070e5b6af24d28e04184f784a02018f001d1acb12d38da77f72a68ac0db,52209955900,TRUE,0.158254,6.82E+14,1.73E+12
0xae5eacaf9c6b9111fd53034a602c192a04e082ed,@107,9.0421,82.02,741.63,SELL,03-12-2024 15:22,2016.238602,Sell,99.634725,0x125ea070e5b6af24d28e04184f784a02018f001d1acb12d38da77f72a68ac0db,52209955900,TRUE,0.259571,8.83E+14,1.73E+12
0xae5eacaf9c6b9111fd53034a602c192a04e082ed,@107,9.0421,268.15,2424.64,SELL,03-12-2024 15:22,1934.218602,Sell,325.738252,0x125ea070e5b6af24d28e04184f784a02018f001d1acb12d38da77f72a68ac0db,52209955900,TRUE,0.848623,2.21E+14,1.73E+12
0xae5eacaf9c6b9111fd53034a602c192a04e082ed,@107,9.041,30.09,272.04,SELL,03-12-2024 15:22,1666.068602,Sell,36.51907,0x125ea070e5b6af24d28e04184f784a02018f001d1acb12d38da77f72a68ac0db,52209955900,TRUE,0.095215,3.26E+14,1.73E+12
0xae5eacaf9c6b9111fd53034a602c192a04e082ed,@107,9.04,1503.07,13587.75,SELL,03-12-2024 15:22,1635.978602,Sell,1822.714868,0x125ea070e5b6af24d28e04184f784a02018f001d1acb12d38da77f72a68ac0db,52209955900,TRUE,4.755713,3.79E+14,1.73E+12
0xae5eacaf9c6b9111fd53034a602c192a04e082ed,@107,9.04,56.02,506.42,SELL,03-12-2024 15:22,132.9086024,Sell,67.933288,0x125ea070e5b6af24d28e04184f784a02018f001d1acb12d38da77f72a68ac0db,52209955900,TRUE,0.177247,5.18E+14,1.73E+12
0xae5eacaf9c6b9111fd53034a602c192a04e082ed,@107,9.04,67,605.68,SELL,03-12-2024 15:22,76.88860239,Sell,81.24831,0x125ea070e5b6af24d28e04184f784a02018f001d1acb12d38da77f72a68ac0db,52209955900,TRUE,0.211988,6.98E+14,1.73E+12
0xae5eacaf9c6b9111fd53034a602c192a04e082ed,@107,9.039,9.88,89.31,SELL,03-12-2024 15:22,9.88860239,Sell,11.971214,0x125ea070e5b6af24d28e04184f784a02018f001d1acb12d38da77f72a68ac0db,52209955900,TRUE,0.031256,4.95E+14,1.73E+12
0xae5eacaf9c6b9111fd53034a602c192a04e082ed,AAVE,230.51,11.98,2761.51,BUY,03-12-2024 19:38,500,Open Long,0,0x6154d1710e653b95e6380418532c3802018f00a30ec09c8abf98b4ae508c7d87,52274197780,TRUE,0.966528,4.03E+12,1.73E+12
0xae5eacaf9c6b9111fd53034a602c192a04e082ed,AAVE,230.52,3.66,843.7,BUY,03-12-2024 19:38,511.98,Open Long,0,0x6154d1710e653b95e6380418532c3802018f00a30ec09c8abf98b4ae508c7d87,52274197780,TRUE,0.295296,1.79E+14,1.73E+12
0xae5eacaf9c6b9111fd53034a602c192a04e082ed,AAVE,230.53,11.98,2761.75,BUY,03-12-2024 19:38,515.64,Open Long,0,0x6154d1710e653b95e6380418532c3802018f00a30ec09c8abf98b4ae508c7d87,52274197780,TRUE,0.966612,1.07E+15,1.73E+12
0xae5eacaf9c6b9111fd53034a602c192a04e082ed,AAVE,230.55,11.98,2761.99,BUY,03-12-2024 19:38,527.62,Open Long,0,0x6154d1710e653b95e6380418532c3802018f00a30ec09c8abf98b4ae508c7d87,52274197780,TRUE,0.966696,8.04E+14,1.73E+12
0xae5eacaf9c6b9111fd53034a602c192a04e082ed,AAVE,230.57,11.98,2762.23,BUY,03-12-2024 19:38,539.6,Open Long,0,0x6154d1710e653b95e6380418532c3802018f00a30ec09c8abf98b4ae508c7d87,52274197780,TRUE,0.96678,1.03E+15,1.73E+12
0xae5eacaf9c6b9111fd53034a602c192a04e082ed,AAVE,230.58,16.01,3691.59,BUY,03-12-2024 19:38,551.58,Open Long,0,0x6154d1710e653b95e6380418532c3802018f00a30ec09c8abf98b4ae508c7d87,52274197780,TRUE,1.292055,1.43E+14,1.73E+12
0xae5eacaf9c6b9111fd53034a602c192a04e082ed,AAVE,230.58,15.53,3580.91,BUY,03-12-2024 19:38,567.59,Open Long,0,0x6154d1710e653b95e6380418532c3802018f00a30ec09c8abf98b4ae508c7d87,52274197780,TRUE,1.253317,4.29E+14,1.73E+12
0xae5eacaf9c6b9111fd53034a602c192a04e082ed,AAVE,230.61,15.27,3521.41,BUY,03-12-2024 19:38,583.12,Open Long,0,0x6154d1710e653b95e6380418532c3802018f00a30ec09c8abf98b4ae508c7d87,52274197780,TRUE,1.232495,5.21E+14,1.73E+12
0xae5eacaf9c6b9111fd53034a602c192a04e082ed,AAVE,230.61,14.21,3276.97,BUY,03-12-2024 19:38,598.39,Open Long,0,0x6154d1710e653b95e6380418532c3802018f00a30ec09c8abf98b4ae508c7d87,52274197780,TRUE,1.146938,2.69E+14,1.73E+12
0xae5eacaf9c6b9111fd53034a602c192a04e082ed,AAVE,230.62,4.52,1042.4,BUY,03-12-2024 19:38,612.6,Open Long,0,0x6154d1710e653b95e6380418532c3802018f00a30ec09c8abf98b4ae508c7d87,52274197780,TRUE,0.36484,7.42E+14,1.73E+12
0xae5eacaf9c6b9111fd53034a602c192a04e082ed,AAVE,230.63,15.4,3551.7,BUY,03-12-2024 19:38,617.12,Open Long,0,0x6154d1710e653b95e6380418532c3802018f00a30ec09c8abf98b4ae508c7d87,52274197780,TRUE,1.243095,1.06E+15,1.73E+12
0xae5eacaf9c6b9111fd53034a602c192a04e082ed,AAVE,230.7,53.25,12284.77,BUY,03-12-2024 19:38,632.52,Open Long,0,0x6154d1710e653b95e6380418532c3802018f00a30ec09c8abf98b4ae508c7d87,52274197780,TRUE,4.299671,3.97E+14,1.73E+12
0xae5eacaf9c6b9111fd53034a602c192a04e082ed,AAVE,230.72,9.83,2267.98,BUY,03-12-2024 19:38,685.77,Open Long,0,0x6154d1710e653b95e6380418532c3802018f00a30ec09c8abf98b4ae508c7d87,52274197780,TRUE,0.793792,9.56E+14,1.73E+12
0xae5eacaf9c6b9111fd53034a602c192a04e082ed,AAVE,230.78,4.26,983.12,BUY,03-12-2024 19:38,695.6,Open Long,0,0x6154d1710e653b95e6380418532c3802018f00a30ec09c8abf98b4ae508c7d87,52274197780,TRUE,0.344092,6.87E+14,1.73E+12
0xae5eacaf9c6b9111fd53034a602c192a04e082ed,AAVE,230.8,148.07,34174.56,BUY,03-12-2024 19:38,699.86,Open Long,0,0x6154d1710e653b95e6380418532c3802018f00a30ec09c8abf98b4ae508c7d87,52274197780,TRUE,11.961094,7.38E+14,1.73E+12
0xae5eacaf9c6b9111fd53034a602c192a04e082ed,AAVE,230.81,84.75,19561.15,BUY,03-12-2024 19:38,847.93,Open Long,0,0x6154d1710e653b95e6380418532c3802018f00a30ec09c8abf98b4ae508c7d87,52274197780,TRUE,6.846401,3.33E+13,1.73E+12
0xae5eacaf9c6b9111fd53034a602c192a04e082ed,AAVE,230.81,33.93,7831.38,BUY,03-12-2024 19:38,932.68,Open Long,0,0x6154d1710e653b95e6380418532c3802018f00a30ec09c8abf98b4ae508c7d87,52274197780,TRUE,2.740984,7.95E+14,1.73E+12
0xae5eacaf9c6b9111fd53034a602c192a04e082ed,AAVE,230.84,9.83,2269.16,BUY,03-12-2024 19:38,966.61,Open Long,0,0x6154d1710e653b95e6380418532c3802018f00a30ec09c8abf98b4ae508c7d87,52274197780,TRUE,0.794205,1.54E+14,1.73E+12
0xae5eacaf9c6b9111fd53034a602c192a04e082ed,AAVE,230.84,23.56,5438.59,BUY,03-12-2024 19:38,976.44,Open Long,0,0x6154d1710e653b95e6380418532c3802018f00a30ec09c8abf98b4ae508c7d87,52274197780,TRUE,1.903506,4.72E+14,1.73E+12
0xae5eacaf9c6b9111fd53034a602c192a04e082ed,AAVE,242.49,14.78,3584,SELL,03-12-2024 20:56,1000,Close Long,139.418262,0x94e25a0cc04d89b3ad530418544d29020118004cffc994375a96e85d52ffabb0,52305625381,TRUE,1.2544,2.38E+14,1.73E+12
0xae5eacaf9c6b9111fd53034a602c192a04e082ed,AAVE,242.47,8.65,2097.37,SELL,03-12-2024 20:56,985.22,Close Long,81.421585,0x94e25a0cc04d89b3ad530418544d29020118004cffc994375a96e85d52ffabb0,52305625381,TRUE,0.734077,4.16E+14,1.73E+12
0xae5eacaf9c6b9111fd53034a602c192a04e082ed,AAVE,242.46,13.67,3314.43,SELL,03-12-2024 20:56,976.57,Close Long,128.537643,0x94e25a0cc04d89b3ad530418544d29020118004cffc994375a96e85d52ffabb0,52305625381,TRUE,1.160049,1.12E+15,1.73E+12
0xae5eacaf9c6b9111fd53034a602c192a04e082ed,AAVE,242.45,0.06,14.55,SELL,03-12-2024 20:56,962.9,Close Long,0.563574,0x94e25a0cc04d89b3ad530418544d29020118004cffc994375a96e85d52ffabb0,52305625381,TRUE,0.005091,5.98E+13,1.73E+12
0xae5eacaf9c6b9111fd53034a602c192a04e082ed,AAVE,242.36,3.68,891.88,SELL,03-12-2024 20:56,962.84,Close Long,34.234672,0x94e25a0cc04d89b3ad530418544d29020118004cffc994375a96e85d52ffabb0,52305625381,TRUE,0.312159,6.48E+14,1.73E+12
0xae5eacaf9c6b9111fd53034a602c192a04e082ed,AAVE,242.34,101.2,24524.81,SELL,03-12-2024 20:56,959.16,Close Long,939.42948,0x94e25a0cc04d89b3ad530418544d29020118004cffc994375a96e85d52ffabb0,52305625381,TRUE,8.583682,5.02E+14,1.73E+12
0xae5eacaf9c6b9111fd53034a602c192a04e082ed,AAVE,242.33,3.12,756.07,SELL,03-12-2024 20:56,857.96,Close Long,28.931448,0x94e25a0cc04d89b3ad530418544d29020118004cffc994375a96e85d52ffabb0,52305625381,TRUE,0.264624,1.13E+14,1.73E+12
0xae5eacaf9c6b9111fd53034a602c192a04e082ed,AAVE,242.32,3.74,906.28,SELL,03-12-2024 20:56,854.84,Close Long,34.643246,0x94e25a0cc04d89b3ad530418544d29020118004cffc994375a96e85d52ffabb0,52305625381,TRUE,0.317196,4.95E+14,1.73E+12
0xae5eacaf9c6b9111fd53034a602c192a04e082ed,AAVE,242.31,0.07,16.96,SELL,03-12-2024 20:56,851.1,Close Long,0.647703,0x94e25a0cc04d89b3ad530418544d29020118004cffc994375a96e85d52ffabb0,52305625381,TRUE,0.005936,5.09E+14,1.73E+12
0xae5eacaf9c6b9111fd53034a602c192a04e082ed,AAVE,242.31,29.09,7048.8,SELL,03-12-2024 20:56,851.03,Close Long,269.166861,0x94e25a0cc04d89b3ad530418544d29020118004cffc994375a96e85d52ffabb0,52305625381,TRUE,2.467079,5.13E+14,1.73E+12
0xae5eacaf9c6b9111fd53034a602c192a04e082ed,AAVE,242.3,30.12,7298.08,SELL,03-12-2024 20:56,821.94,Close Long,278.396148,0x94e25a0cc04d89b3ad530418544d29020118004cffc994375a96e85d52ffabb0,52305625381,TRUE,2.554326,2.55E+14,1.73E+12
0xae5eacaf9c6b9111fd53034a602c192a04e082ed,AAVE,242.3,4.51,1092.77,SELL,03-12-2024 20:56,791.82,Close Long,41.685479,0x94e25a0cc04d89b3ad530418544d29020118004cffc994375a96e85d52ffabb0,52305625381,TRUE,0.38247,9.75E+14,1.73E+12
0xae5eacaf9c6b9111fd53034a602c192a04e082ed,AAVE,242.29,4.39,1063.65,SELL,03-12-2024 20:56,787.31,Close Long,40.532431,0x94e25a0cc04d89b3ad530418544d29020118004cffc994375a96e85d52ffabb0,52305625381,TRUE,0.372278,3.60E+14,1.73E+12
0xae5eacaf9c6b9111fd53034a602c192a04e082ed,AAVE,242.27,167.78,40648.06,SELL,03-12-2024 20:56,782.92,Close Long,1545.740362,0x94e25a0cc04d89b3ad530418544d29020118004cffc994375a96e85d52ffabb0,52305625381,TRUE,14.226821,8.17E+14,1.73E+12
0xae5eacaf9c6b9111fd53034a602c192a04e082ed,AAVE,242.24,3.09,748.52,SELL,03-12-2024 20:56,615.14,Close Long,28.375161,0x94e25a0cc04d89b3ad530418544d29020118004cffc994375a96e85d52ffabb0,52305625381,TRUE,0.261982,1.04E+15,1.73E+12
0xae5eacaf9c6b9111fd53034a602c192a04e082ed,AAVE,242.22,112.05,27140.75,SELL,03-12-2024 20:56,612.05,Close Long,1026.702945,0x94e25a0cc04d89b3ad530418544d29020118004cffc994375a96e85d52ffabb0,52305625381,TRUE,9.499262,3.72E+14,1.73E+12
0xae5eacaf9c6b9111fd53034a602c192a04e082ed,AAVE,241.89,30.9,7474.4,SELL,03-12-2024 23:37,500,Close Long,272.93661,0xf3eaac7a249a973f9d300418569d9c0201ff002479a2ab749700a590d206dc7e,52350488766,TRUE,2.61604,8.79E+14,1.73E+12
0xae5eacaf9c6b9111fd53034a602c192a04e082ed,AAVE,241.42,20.24,4886.34,SELL,03-12-2024 23:38,469.1,Close Long,169.265096,0xdeab65c7b20aa880410e0418569fa201a6006eaf7e1ecdc2c4d93e475f8cb1f8,52350600477,TRUE,1.710219,3.42E+13,1.73E+12
0xae5eacaf9c6b9111fd53034a602c192a04e082ed,AAVE,241.4,3.39,818.35,SELL,03-12-2024 23:38,448.86,Close Long,28.282431,0xdeab65c7b20aa880410e0418569fa201a6006eaf7e1ecdc2c4d93e475f8cb1f8,52350600477,TRUE,0.286421,2.93E+14,1.73E+12
0xae5eacaf9c6b9111fd53034a602c192a04e082ed,AAVE,241.39,14.77,3565.33,SELL,03-12-2024 23:38,445.47,Close Long,123.076933,0xdeab65c7b20aa880410e0418569fa201a6006eaf7e1ecdc2c4d93e475f8cb1f8,52350600477,TRUE,1.247865,9.40E+14,1.73E+12
0xae5eacaf9c6b9111fd53034a602c192a04e082ed,AAVE,241.38,14.81,3574.84,SELL,03-12-2024 23:38,430.7,Close Long,123.262149,0xdeab65c7b20aa880410e0418569fa201a6006eaf7e1ecdc2c4d93e475f8cb1f8,52350600477,TRUE,1.251193,1.40E+14,1.73E+12
0xae5eacaf9c6b9111fd53034a602c192a04e082ed,AAVE,241.34,33.93,8188.67,SELL,03-12-2024 23:38,415.89,Close Long,281.038797,0xdeab65c7b20aa880410e0418569fa201a6006eaf7e1ecdc2c4d93e475f8cb1f8,52350600477,TRUE,2.866033,2.50E+14,1.73E+12
0xae5eacaf9c6b9111fd53034a602c192a04e082ed,AAVE,241.32,29.24,7056.2,SELL,03-12-2024 23:38,381.96,Close Long,241.607196,0xdeab65c7b20aa880410e0418569fa201a6006eaf7e1ecdc2c4d93e475f8cb1f8,52350600477,TRUE,2.469668,9.50E+14,1.73E+12
0xae5eacaf9c6b9111fd53034a602c192a04e082ed,AAVE,241.29,3.12,752.82,SELL,03-12-2024 23:38,352.72,Close Long,25.686648,0xdeab65c7b20aa880410e0418569fa201a6006eaf7e1ecdc2c4d93e475f8cb1f8,52350600477,TRUE,0.263488,7.83E+14,1.73E+12
0xae5eacaf9c6b9111fd53034a602c192a04e082ed,AAVE,241.28,17.51,4224.81,SELL,03-12-2024 23:38,349.6,Close Long,143.982979,0xdeab65c7b20aa880410e0418569fa201a6006eaf7e1ecdc2c4d93e475f8cb1f8,52350600477,TRUE,1.478684,8.93E+14,1.73E+12
0xae5eacaf9c6b9111fd53034a602c192a04e082ed,AAVE,241.25,4.35,1049.44,SELL,03-12-2024 23:38,332.09,Close Long,35.639115,0xdeab65c7b20aa880410e0418569fa201a6006eaf7e1ecdc2c4d93e475f8cb1f8,52350600477,TRUE,0.367303,6.70E+14,1.73E+12
0xae5eacaf9c6b9111fd53034a602c192a04e082ed,AAVE,241.25,17.51,4224.29,SELL,03-12-2024 23:38,327.74,Close Long,143.457679,0xdeab65c7b20aa880410e0418569fa201a6006eaf7e1ecdc2c4d93e475f8cb1f8,52350600477,TRUE,1.4785,9.78E+14,1.73E+12
0xae5eacaf9c6b9111fd53034a602c192a04e082ed,AAVE,241.23,69.7,16813.73,SELL,03-12-2024 23:38,310.23,Close Long,569.65113,0xdeab65c7b20aa880410e0418569fa201a6006eaf7e1ecdc2c4d93e475f8cb1f8,52350600477,TRUE,5.884805,9.65E+14,1.73E+12
0xae5eacaf9c6b9111fd53034a602c192a04e082ed,AAVE,241.18,30.39,7329.46,SELL,03-12-2024 23:38,240.53,Close Long,246.854931,0xdeab65c7b20aa880410e0418569fa201a6006eaf7e1ecdc2c4d93e475f8cb1f8,52350600477,TRUE,2.565311,3.96E+14,1.73E+12
0xae5eacaf9c6b9111fd53034a602c192a04e082ed,AAVE,241.18,32.61,7864.88,SELL,03-12-2024 23:38,210.14,Close Long,264.887769,0xdeab65c7b20aa880410e0418569fa201a6006eaf7e1ecdc2c4d93e475f8cb1f8,52350600477,TRUE,2.752707,3.96E+14,1.73E+12
0xae5eacaf9c6b9111fd53034a602c192a04e082ed,AAVE,241.17,17.52,4225.3,SELL,03-12-2024 23:38,177.53,Close Long,142.138008,0xdeab65c7b20aa880410e0418569fa201a6006eaf7e1ecdc2c4d93e475f8cb1f8,52350600477,TRUE,1.478854,8.52E+13,1.73E+12
0xae5eacaf9c6b9111fd53034a602c192a04e082ed,AAVE,241.15,2.89,696.92,SELL,03-12-2024 23:38,160.01,Close Long,23.388481,0xdeab65c7b20aa880410e0418569fa201a6006eaf7e1ecdc2c4d93e475f8cb1f8,52350600477,TRUE,0.243923,9.31E+14,1.73E+12
0xae5eacaf9c6b9111fd53034a602c192a04e082ed,AAVE,241.14,0.08,19.29,SELL,03-12-2024 23:38,157.12,Close Long,0.646632,0xdeab65c7b20aa880410e0418569fa201a6006eaf7e1ecdc2c4d93e475f8cb1f8,52350600477,TRUE,0.006751,1.25E+14,1.73E+12
0xae5eacaf9c6b9111fd53034a602c192a04e082ed,AAVE,241.14,0.7,168.8,SELL,03-12-2024 23:38,157.04,Close Long,5.65803,0xdeab65c7b20aa880410e0418569fa201a6006eaf7e1ecdc2c4d93e475f8cb1f8,52350600477,TRUE,0.059079,4.51E+14,1.73E+12
0xae5eacaf9c6b9111fd53034a602c192a04e082ed,AAVE,241.14,0.08,19.29,SELL,03-12-2024 23:38,156.34,Close Long,0.646632,0xdeab65c7b20aa880410e0418569fa201a6006eaf7e1ecdc2c4d93e475f8cb1f8,52350600477,TRUE,0.006751,1.74E+13,1.73E+12
0xae5eacaf9c6b9111fd53034a602c192a04e082ed,AAVE,241.14,0.17,40.99,SELL,03-12-2024 23:38,156.26,Close Long,1.374093,0xdeab65c7b20aa880410e0418569fa201a6006eaf7e1ecdc2c4d93e475f8cb1f8,52350600477,TRUE,0.014347,1.87E+14,1.73E+12
0xae5eacaf9c6b9111fd53034a602c192a04e082ed,AAVE,241.14,0.08,19.29,SELL,03-12-2024 23:38,156.09,Close Long,0.646632,0xdeab65c7b20aa880410e0418569fa201a6006eaf7e1ecdc2c4d93e475f8cb1f8,52350600477,TRUE,0.006751,5.60E+14,1.73E+12
0xae5eacaf9c6b9111fd53034a602c192a04e082ed,AAVE,241.09,17.53,4226.31,SELL,03-12-2024 23:38,156.01,Close Long,140.816737,0xdeab65c7b20aa880410e0418569fa201a6006eaf7e1ecdc2c4d93e475f8cb1f8,52350600477,TRUE,1.479207,6.61E+14,1.73E+12
0xae5eacaf9c6b9111fd53034a602c192a04e082ed,AAVE,241.06,17.53,4225.78,SELL,03-12-2024 23:38,138.48,Close Long,140.290837,0xdeab65c7b20aa880410e0418569fa201a6006eaf7e1ecdc2c4d93e475f8cb1f8,52350600477,TRUE,1.479023,9.45E+14,1.73E+12
0xae5eacaf9c6b9111fd53034a602c192a04e082ed,AAVE,241.05,3.49,841.26,SELL,03-12-2024 23:38,120.95,Close Long,27.895221,0xdeab65c7b20aa880410e0418569fa201a6006eaf7e1ecdc2c4d93e475f8cb1f8,52350600477,TRUE,0.294442,2.30E+14,1.73E+12
0xae5eacaf9c6b9111fd53034a602c192a04e082ed,AAVE,241.04,9.83,2369.42,SELL,03-12-2024 23:38,117.46,Close Long,78.471907,0xdeab65c7b20aa880410e0418569fa201a6006eaf7e1ecdc2c4d93e475f8cb1f8,52350600477,TRUE,0.829298,6.29E+14,1.73E+12
0xae5eacaf9c6b9111fd53034a602c192a04e082ed,AAVE,241.04,4.1,988.26,SELL,03-12-2024 23:38,107.63,Close Long,32.72989,0xdeab65c7b20aa880410e0418569fa201a6006eaf7e1ecdc2c4d93e475f8cb1f8,52350600477,TRUE,0.345892,9.22E+14,1.73E+12
0xae5eacaf9c6b9111fd53034a602c192a04e082ed,AAVE,241.04,32.98,7949.5,SELL,03-12-2024 23:38,103.53,Close Long,263.276042,0xdeab65c7b20aa880410e0418569fa201a6006eaf7e1ecdc2c4d93e475f8cb1f8,52350600477,TRUE,2.782324,9.87E+14,1.73E+12
0xae5eacaf9c6b9111fd53034a602c192a04e082ed,AAVE,241.02,31.72,7645.15,SELL,03-12-2024 23:38,70.55,Close Long,252.583188,0xdeab65c7b20aa880410e0418569fa201a6006eaf7e1ecdc2c4d93e475f8cb1f8,52350600477,TRUE,2.675804,4.37E+14,1.73E+12
0xae5eacaf9c6b9111fd53034a602c192a04e082ed,AAVE,240.97,4.86,1171.11,SELL,03-12-2024 23:38,38.83,Close Long,38.456694,0xdeab65c7b20aa880410e0418569fa201a6006eaf7e1ecdc2c4d93e475f8cb1f8,52350600477,TRUE,0.409889,8.22E+14,1.73E+12
0xae5eacaf9c6b9111fd53034a602c192a04e082ed,AAVE,240.95,33.35,8035.68,SELL,03-12-2024 23:38,33.97,Close Long,263.228215,0xdeab65c7b20aa880410e0418569fa201a6006eaf7e1ecdc2c4d93e475f8cb1f8,52350600477,TRUE,2.812488,1.08E+15,1.73E+12
0xae5eacaf9c6b9111fd53034a602c192a04e082ed,AAVE,240.94,0.62,149.38,SELL,03-12-2024 23:38,0.62,Close Long,4.887398,0xdeab65c7b20aa880410e0418569fa201a6006eaf7e1ecdc2c4d93e475f8cb1f8,52350600477,TRUE,0.052283,3.57E+14,1.73E+12
0xae5eacaf9c6b9111fd53034a602c192a04e082ed,@107,11.076,0.00860239,0.1,SELL,04-12-2024 05:30,0.00860239,Spot Dust Conversion,0,0x0000000000000000000000000000000000000000000000000000000000000000,52410700265,TRUE,0,0,1.73E+12
0xae5eacaf9c6b9111fd53034a602c192a04e082ed,DYDX,0.60975,2834.9,1728.58,BUY,04-03-2025 23:23,0,Open Long,0,0x6062349d392719a20336041ee797e502012c0064a4a255deec6b8adf73abac1b,77138632929,TRUE,0.580802,9.81E+14,1.74E+12
0xae5eacaf9c6b9111fd53034a602c192a04e082ed,DYDX,0.60975,190.9,116.4,BUY,04-03-2025 23:23,2834.9,Open Long,0,0x6062349d392719a20336041ee797e502012c0064a4a255deec6b8adf73abac1b,77138632929,TRUE,0.03911,8.32E+14,1.74E+12
0xae5eacaf9c6b9111fd53034a602c192a04e082ed,DYDX,0.60976,2818.6,1718.67,BUY,04-03-2025 23:23,3025.8,Open Long,0,0x6062349d392719a20336041ee797e502012c0064a4a255deec6b8adf73abac1b,77138632929,TRUE,0.577472,7.03E+14,1.74E+12
0xae5eacaf9c6b9111fd53034a602c192a04e082ed,DYDX,0.60981,3689.6,2249.95,BUY,04-03-2025 23:23,5844.4,Open Long,0,0x6062349d392719a20336041ee797e502012c0064a4a255deec6b8adf73abac1b,77138632929,TRUE,0.755984,8.73E+14,1.74E+12
0xae5eacaf9c6b9111fd53034a602c192a04e082ed,DYDX,0.61007,3688.1,2250,BUY,04-03-2025 23:23,9534,Open Long,0,0x6062349d392719a20336041ee797e502012c0064a4a255deec6b8adf73abac1b,77138632929,TRUE,0.755999,9.68E+14,1.74E+12
0xae5eacaf9c6b9111fd53034a602c192a04e082ed,DYDX,0.61018,1306.3,797.08,BUY,04-03-2025 23:23,13222.1,Open Long,0,0x6062349d392719a20336041ee797e502012c0064a4a255deec6b8adf73abac1b,77138632929,TRUE,0.267817,1.01E+15,1.74E+12
0xae5eacaf9c6b9111fd53034a602c192a04e082ed,DYDX,0.61033,3131.3,1911.13,BUY,04-03-2025 23:23,14528.4,Open Long,0,0x6062349d392719a20336041ee797e502012c0064a4a255deec6b8adf73abac1b,77138632929,TRUE,0.642138,5.00E+14,1.74E+12
0xae5eacaf9c6b9111fd53034a602c192a04e082ed,DYDX,0.61039,5238.8,3197.71,BUY,04-03-2025 23:23,17659.7,Open Long,0,0x6062349d392719a20336041ee797e502012c0064a4a255deec6b8adf73abac1b,77138632929,TRUE,1.07443,9.42E+14,1.74E+12
0xae5eacaf9c6b9111fd53034a602c192a04e082ed,DYDX,0.61041,5113.1,3121.09,BUY,04-03-2025 23:23,22898.5,Open Long,0,0x6062349d392719a20336041ee797e502012c0064a4a255deec6b8adf73abac1b,77138632929,TRUE,1.048684,1.37E+14,1.74E+12
0xae5eacaf9c6b9111fd53034a602c192a04e082ed,DYDX,0.61041,1644.7,1003.94,BUY,04-03-2025 23:23,28011.6,Open Long,0,0x6062349d392719a20336041ee797e502012c0064a4a255deec6b8adf73abac1b,77138632929,TRUE,0.337323,6.84E+14,1.74E+12
0xae5eacaf9c6b9111fd53034a602c192a04e082ed,DYDX,0.61102,70343.7,42981.41,BUY,04-03-2025 23:23,29656.3,Open Long,0,0x6062349d392719a20336041ee797e502012c0064a4a255deec6b8adf73abac1b,77138632929,TRUE,14.441752,1.09E+15,1.74E+12
0xae5eacaf9c6b9111fd53034a602c192a04e082ed,DYDX,0.61087,1467.6,896.51,BUY,04-03-2025 23:23,100000,Open Long,0,0x6b946ed45a4d03f8d19c041ee7983401d2004bac4b39dc8d08da47060d1be853,77138653594,TRUE,0.301227,7.59E+14,1.74E+12
0xae5eacaf9c6b9111fd53034a602c192a04e082ed,DYDX,0.61089,2755.7,1683.43,BUY,04-03-2025 23:23,101467.6,Open Long,0,0x6b946ed45a4d03f8d19c041ee7983401d2004bac4b39dc8d08da47060d1be853,77138653594,TRUE,0.565632,3.64E+14,1.74E+12
0xae5eacaf9c6b9111fd53034a602c192a04e082ed,DYDX,0.61103,3152,1925.97,BUY,04-03-2025 23:23,104223.3,Open Long,0,0x6b946ed45a4d03f8d19c041ee7983401d2004bac4b39dc8d08da47060d1be853,77138653594,TRUE,0.647124,7.48E+13,1.74E+12
0xae5eacaf9c6b9111fd53034a602c192a04e082ed,DYDX,0.61103,2812.6,1718.58,BUY,04-03-2025 23:23,107375.3,Open Long,0,0x6b946ed45a4d03f8d19c041ee7983401d2004bac4b39dc8d08da47060d1be853,77138653594,TRUE,0.577443,7.04E+14,1.74E+12
0xae5eacaf9c6b9111fd53034a602c192a04e082ed,DYDX,0.61103,66639.8,40718.92,BUY,04-03-2025 23:23,110187.9,Open Long,0,0x6b946ed45a4d03f8d19c041ee7983401d2004bac4b39dc8d08da47060d1be853,77138653594,TRUE,13.681555,8.97E+14,1.74E+12
0xae5eacaf9c6b9111fd53034a602c192a04e082ed,DYDX,0.61126,23172.3,14164.3,BUY,04-03-2025 23:23,176827.7,Open Long,0,0x6b946ed45a4d03f8d19c041ee7983401d2004bac4b39dc8d08da47060d1be853,77138653594,TRUE,4.759204,3.86E+14,1.74E+12
0xae5eacaf9c6b9111fd53034a602c192a04e082ed,DYDX,0.6089,3256.6,1982.94,BUY,04-03-2025 23:27,200000,Open Long,0,0x7c38cc0b7ee4f569db0a041ee7a3f80201b700d75a8583401bfb55cfe462a4fd,77139725540,TRUE,0.666268,3.45E+14,1.74E+12
0xae5eacaf9c6b9111fd53034a602c192a04e082ed,DYDX,0.6089,3171,1930.82,BUY,04-03-2025 23:27,203256.6,Open Long,0,0x7c38cc0b7ee4f569db0a041ee7a3f80201b700d75a8583401bfb55cfe462a4fd,77139725540,TRUE,0.648755,3.63E+14,1.74E+12
0xae5eacaf9c6b9111fd53034a602c192a04e082ed,DYDX,0.60891,420.7,256.17,BUY,04-03-2025 23:27,206427.6,Open Long,0,0x7c38cc0b7ee4f569db0a041ee7a3f80201b700d75a8583401bfb55cfe462a4fd,77139725540,TRUE,0.086071,7.50E+14,1.74E+12
0xae5eacaf9c6b9111fd53034a602c192a04e082ed,DYDX,0.60914,43151.7,26285.43,BUY,04-03-2025 23:27,206848.3,Open Long,0,0x7c38cc0b7ee4f569db0a041ee7a3f80201b700d75a8583401bfb55cfe462a4fd,77139725540,TRUE,8.831903,5.88E+14,1.74E+12
0xae5eacaf9c6b9111fd53034a602c192a04e082ed,DYDX,0.62978,2995.8,1886.69,BUY,05-03-2025 12:42,250000,Open Long,0,0x8998b4f2faf5cdbde677041ef098c201c00099b6a8de4be6fcf13324ee8ca6f0,77303094404,TRUE,0.633929,4.27E+14,1.74E+12
0xae5eacaf9c6b9111fd53034a602c192a04e082ed,DYDX,0.62978,2625.3,1653.36,BUY,05-03-2025 12:42,252995.8,Open Long,0,0x8998b4f2faf5cdbde677041ef098c201c00099b6a8de4be6fcf13324ee8ca6f0,77303094404,TRUE,0.555528,4.47E+14,1.74E+12
0xae5eacaf9c6b9111fd53034a602c192a04e082ed,DYDX,0.62979,18.3,11.53,BUY,05-03-2025 12:42,255621.1,Open Long,0,0x8998b4f2faf5cdbde677041ef098c201c00099b6a8de4be6fcf13324ee8ca6f0,77303094404,TRUE,0.003871,8.64E+13,1.74E+12
0xae5eacaf9c6b9111fd53034a602c192a04e082ed,DYDX,0.62979,27.9,17.57,BUY,05-03-2025 12:42,255639.4,Open Long,0,0x8998b4f2faf5cdbde677041ef098c201c00099b6a8de4be6fcf13324ee8ca6f0,77303094404,TRUE,0.005903,6.27E+14,1.74E+12
0xae5eacaf9c6b9111fd53034a602c192a04e082ed,DYDX,0.62979,27.9,17.57,BUY,05-03-2025 12:42,255667.3,Open Long,0,0x8998b4f2faf5cdbde677041ef098c201c00099b6a8de4be6fcf13324ee8ca6f0,77303094404,TRUE,0.005903,8.28E+14,1.74E+12
0xae5eacaf9c6b9111fd53034a602c192a04e082ed,DYDX,0.62982,212.3,133.71,BUY,05-03-2025 12:42,255695.2,Open Long,0,0x8998b4f2faf5cdbde677041ef098c201c00099b6a8de4be6fcf13324ee8ca6f0,77303094404,TRUE,0.044926,7.30E+14,1.74E+12
0xae5eacaf9c6b9111fd53034a602c192a04e082ed,DYDX,0.62996,3571.6,2249.97,BUY,05-03-2025 12:42,255907.5,Open Long,0,0x8998b4f2faf5cdbde677041ef098c201c00099b6a8de4be6fcf13324ee8ca6f0,77303094404,TRUE,0.755987,4.73E+14,1.74E+12
0xae5eacaf9c6b9111fd53034a602c192a04e082ed,DYDX,0.63014,1587.3,1000.22,BUY,05-03-2025 12:42,259479.1,Open Long,0,0x8998b4f2faf5cdbde677041ef098c201c00099b6a8de4be6fcf13324ee8ca6f0,7730309440
